{"cameraMode":{"drawMode":0,"name":"Shaded","section":"Shading Mode"},"sceneLighting":true,"audioPlay":false,"sceneViewState":{"showFog":true,"showMaterialUpdate":false,"showSkybox":true,"showFlares":true,"showImageEffects":true,"showParticleSystems":true},"in2DMode":false,"pivot":{"x":74.81971740722656,"y":0.9596526622772217,"z":59.34332275390625},"rotation":{"x":-0.21926824748516084,"y":0.7782145738601685,"z":-0.3791033923625946,"w":-0.45011892914772036},"size":8.582843780517579,"orthographic":false}