{"cameraMode":{"drawMode":0,"name":"Shaded","section":"Shading Mode"},"sceneLighting":false,"audioPlay":false,"sceneViewState":{"showFog":true,"showMaterialUpdate":false,"showSkybox":false,"showFlares":true,"showImageEffects":true,"showParticleSystems":true},"in2DMode":false,"pivot":{"x":0.3020940124988556,"y":0.14730867743492127,"z":-0.44776320457458498},"rotation":{"x":-0.011476961895823479,"y":0.9414317011833191,"z":-0.3354678750038147,"w":-0.0322086475789547},"size":2.071300745010376,"orthographic":false}