{"cameraMode":{"drawMode":0,"name":"Shaded","section":"Shading Mode"},"sceneLighting":true,"audioPlay":false,"sceneViewState":{"showFog":true,"showMaterialUpdate":false,"showSkybox":true,"showFlares":true,"showImageEffects":true,"showParticleSystems":true},"in2DMode":false,"pivot":{"x":58.36217498779297,"y":25.33856201171875,"z":62.181671142578128},"rotation":{"x":0.25421494245529177,"y":-0.7154607772827148,"z":0.32143816351890566,"w":0.5658361911773682},"size":36.91215515136719,"orthographic":true}