{"cameraMode":{"drawMode":0,"name":"Shaded","section":"Shading Mode"},"sceneLighting":true,"audioPlay":false,"sceneViewState":{"showFog":true,"showMaterialUpdate":false,"showSkybox":true,"showFlares":true,"showImageEffects":true,"showParticleSystems":true},"in2DMode":false,"pivot":{"x":53.84000015258789,"y":4.68952751159668,"z":44.20665740966797},"rotation":{"x":-0.30881184339523318,"y":0.6359633207321167,"z":-0.3086259961128235,"w":-0.6363456845283508},"size":4.778058052062988,"orthographic":false}