{"cameraMode":{"drawMode":0,"name":"Shaded","section":"Shading Mode"},"sceneLighting":true,"audioPlay":false,"sceneViewState":{"showFog":true,"showMaterialUpdate":false,"showSkybox":true,"showFlares":true,"showImageEffects":true,"showParticleSystems":true},"in2DMode":false,"pivot":{"x":72.06034851074219,"y":-7.439932346343994,"z":60.545867919921878},"rotation":{"x":-0.21926824748516084,"y":0.7782145738601685,"z":-0.3791033923625946,"w":-0.45011892914772036},"size":13.812515258789063,"orthographic":false}