{"cameraMode":{"drawMode":0,"name":"Shaded","section":"Shading Mode"},"sceneLighting":true,"audioPlay":false,"sceneViewState":{"showFog":true,"showMaterialUpdate":false,"showSkybox":true,"showFlares":true,"showImageEffects":true,"showParticleSystems":true},"in2DMode":false,"pivot":{"x":82.54407501220703,"y":6.813782215118408,"z":61.305633544921878},"rotation":{"x":0.2200879603624344,"y":-0.7414088845252991,"z":0.2892725467681885,"w":0.5640885829925537},"size":12.611035346984864,"orthographic":true}