{"cameraMode":{"drawMode":0,"name":"Shaded","section":"Shading Mode"},"sceneLighting":false,"audioPlay":false,"sceneViewState":{"showFog":true,"showMaterialUpdate":false,"showSkybox":false,"showFlares":true,"showImageEffects":true,"showParticleSystems":true},"in2DMode":false,"pivot":{"x":-14.249372482299805,"y":-13.505035400390625,"z":9.319119453430176},"rotation":{"x":-0.01724490337073803,"y":0.7045612335205078,"z":-0.017130961641669275,"w":-0.7092277407646179},"size":6.536174297332764,"orthographic":false}