{"cameraMode":{"drawMode":0,"name":"Shaded","section":"Shading Mode"},"sceneLighting":false,"audioPlay":false,"sceneViewState":{"showFog":true,"showMaterialUpdate":false,"showSkybox":false,"showFlares":true,"showImageEffects":true,"showParticleSystems":true},"in2DMode":false,"pivot":{"x":3.164583683013916,"y":-0.49126243591308596,"z":2.2480716705322267},"rotation":{"x":-0.03831440582871437,"y":0.9362832903862,"z":-0.332050085067749,"w":-0.10803937911987305},"size":12.897430419921875,"orthographic":false}