{"cameraMode":{"drawMode":0,"name":"Shaded","section":"Shading Mode"},"sceneLighting":false,"audioPlay":false,"sceneViewState":{"showFog":true,"showMaterialUpdate":false,"showSkybox":false,"showFlares":true,"showImageEffects":true,"showParticleSystems":true},"in2DMode":false,"pivot":{"x":-0.29014474153518679,"y":0.8243021965026856,"z":-0.014912009239196778},"rotation":{"x":0.02064601704478264,"y":0.9463484883308411,"z":-0.3165619969367981,"w":0.06170940399169922},"size":7.863032341003418,"orthographic":false}