{"cameraMode":{"drawMode":0,"name":"Shaded","section":"Shading Mode"},"sceneLighting":false,"audioPlay":false,"sceneViewState":{"showFog":true,"showMaterialUpdate":false,"showSkybox":false,"showFlares":true,"showImageEffects":true,"showParticleSystems":true},"in2DMode":false,"pivot":{"x":52.794830322265628,"y":-42.50350570678711,"z":96.5693359375},"rotation":{"x":0.23256322741508485,"y":-0.7528616189956665,"z":0.3419209420681,"w":0.5120719075202942},"size":6.759160041809082,"orthographic":false}