{"cameraMode":{"drawMode":0,"name":"Shaded","section":"Shading Mode"},"sceneLighting":false,"audioPlay":false,"sceneViewState":{"showFog":true,"showMaterialUpdate":false,"showSkybox":false,"showFlares":true,"showImageEffects":true,"showParticleSystems":true},"in2DMode":false,"pivot":{"x":1.1920928955078126e-7,"y":1.8895275592803956,"z":-0.0633414089679718},"rotation":{"x":-0.2172919511795044,"y":0.7161561846733093,"z":-0.253983736038208,"w":-0.612697184085846},"size":4.778054714202881,"orthographic":false}